Subject,Gender,Endurance
S01,Female,3.491619
S02,Female,2.968307
S03,Female,2.890135
S04,Female,2.915094
S05,Female,3.418668
S06,Female,2.600361
S07,Female,2.367935
S08,Female,3.366948
S09,Female,3.214957
S10,Female,3.230178
S11,Male,2.831669
S12,Male,2.922485
S13,Male,3.083755
S14,Male,2.922325
S15,Male,2.922741
S16,Male,2.868024
S17,Male,2.975423
S18,Male,3.124575
S19,Male,2.923381
S20,Male,3.073123
